layerName;execStatus;layerType;execType;realTime (ms);cpuTime (ms)
input_tensor;NOT_RUN;Input;unknown_I8;0.0;0.0
2903;EXECUTED;Power;jit_avx2_I8;0.133;0.133
StatefulPartitionedCall/ssd_mobile_net_v2keras_feature_extractor/model/bn_Conv1/FusedBatchNormV3/variance/Fused_Add_;EXECUTED;Convolution;jit_avx2_FP32;0.46;0.46
StatefulPartitionedCall/ssd_mobile_net_v2keras_feature_extractor/model/Conv1_relu/Relu6;NOT_RUN;Clamp;undef;0.0;0.0
StatefulPartitionedCall/ssd_mobile_net_v2keras_feature_extractor/model/expanded_conv_depthwise_BN/FusedBatchNormV3/variance/Fused_Add_;NOT_RUN;Convolution;undef;0.0;0.0
StatefulPartitionedCall/ssd_mobile_net_v2keras_feature_extractor/model/expanded_conv_depthwise_relu/Relu6;NOT_RUN;Clamp;undef;0.0;0.0
StatefulPartitionedCall/ssd_mobile_net_v2keras_feature_extractor/model/expanded_conv_project_BN/FusedBatchNormV3/variance/Fused_Add_;EXECUTED;Convolution;jit_avx2_1x1_FP32;0.199;0.199
StatefulPartitionedCall/ssd_mobile_net_v2keras_feature_extractor/model/block_1_expand_BN/FusedBatchNormV3/variance/Fused_Add_;EXECUTED;Convolution;jit_avx2_1x1_FP32;0.551;0.551
StatefulPartitionedCall/ssd_mobile_net_v2keras_feature_extractor/model/block_1_expand_relu/Relu6;NOT_RUN;Clamp;undef;0.0;0.0
StatefulPartitionedCall/ssd_mobile_net_v2keras_feature_extractor/model/block_1_depthwise_BN/FusedBatchNormV3/variance/Fused_Add_;EXECUTED;Convolution;jit_avx2_dw_FP32;0.47;0.47
StatefulPartitionedCall/ssd_mobile_net_v2keras_feature_extractor/model/block_1_depthwise_relu/Relu6;NOT_RUN;Clamp;undef;0.0;0.0
StatefulPartitionedCall/ssd_mobile_net_v2keras_feature_extractor/model/block_1_project_BN/FusedBatchNormV3/variance/Fused_Add_;EXECUTED;Convolution;jit_avx2_1x1_FP32;0.158;0.158
StatefulPartitionedCall/ssd_mobile_net_v2keras_feature_extractor/model/block_2_expand_BN/FusedBatchNormV3/variance/Fused_Add_;EXECUTED;Convolution;jit_avx2_1x1_FP32;0.409;0.409
StatefulPartitionedCall/ssd_mobile_net_v2keras_feature_extractor/model/block_2_expand_relu/Relu6;NOT_RUN;Clamp;undef;0.0;0.0
StatefulPartitionedCall/ssd_mobile_net_v2keras_feature_extractor/model/block_2_depthwise_BN/FusedBatchNormV3/variance/Fused_Add_;NOT_RUN;Convolution;undef;0.0;0.0
StatefulPartitionedCall/ssd_mobile_net_v2keras_feature_extractor/model/block_2_depthwise_relu/Relu6;NOT_RUN;Clamp;undef;0.0;0.0
StatefulPartitionedCall/ssd_mobile_net_v2keras_feature_extractor/model/block_2_project_BN/FusedBatchNormV3/variance/Fused_Add_;EXECUTED;Convolution;jit_avx2_1x1_FP32;0.219;0.219
StatefulPartitionedCall/ssd_mobile_net_v2keras_feature_extractor/model/block_2_add/add;NOT_RUN;Eltwise;undef;0.0;0.0
StatefulPartitionedCall/ssd_mobile_net_v2keras_feature_extractor/model/block_3_expand_BN/FusedBatchNormV3/variance/Fused_Add_;EXECUTED;Convolution;jit_avx2_1x1_FP32;0.189;0.189
StatefulPartitionedCall/ssd_mobile_net_v2keras_feature_extractor/model/block_3_expand_relu/Relu6;NOT_RUN;Clamp;undef;0.0;0.0
StatefulPartitionedCall/ssd_mobile_net_v2keras_feature_extractor/model/block_3_depthwise_BN/FusedBatchNormV3/variance/Fused_Add_;EXECUTED;Convolution;jit_avx2_dw_FP32;0.093;0.093
StatefulPartitionedCall/ssd_mobile_net_v2keras_feature_extractor/model/block_3_depthwise_relu/Relu6;NOT_RUN;Clamp;undef;0.0;0.0
StatefulPartitionedCall/ssd_mobile_net_v2keras_feature_extractor/model/block_3_project_BN/FusedBatchNormV3/variance/Fused_Add_;EXECUTED;Convolution;jit_avx2_1x1_FP32;0.071;0.071
StatefulPartitionedCall/ssd_mobile_net_v2keras_feature_extractor/model/block_4_expand_BN/FusedBatchNormV3/variance/Fused_Add_;EXECUTED;Convolution;jit_avx2_1x1_FP32;0.092;0.092
StatefulPartitionedCall/ssd_mobile_net_v2keras_feature_extractor/model/block_4_expand_relu/Relu6;NOT_RUN;Clamp;undef;0.0;0.0
StatefulPartitionedCall/ssd_mobile_net_v2keras_feature_extractor/model/block_4_depthwise_BN/FusedBatchNormV3/variance/Fused_Add_;EXECUTED;Convolution;jit_avx2_dw_FP32;0.091;0.091
StatefulPartitionedCall/ssd_mobile_net_v2keras_feature_extractor/model/block_4_depthwise_relu/Relu6;NOT_RUN;Clamp;undef;0.0;0.0
StatefulPartitionedCall/ssd_mobile_net_v2keras_feature_extractor/model/block_4_project_BN/FusedBatchNormV3/variance/Fused_Add_;EXECUTED;Convolution;jit_avx2_1x1_FP32;0.095;0.095
StatefulPartitionedCall/ssd_mobile_net_v2keras_feature_extractor/model/block_4_add/add;NOT_RUN;Eltwise;undef;0.0;0.0
StatefulPartitionedCall/ssd_mobile_net_v2keras_feature_extractor/model/block_5_expand_BN/FusedBatchNormV3/variance/Fused_Add_;EXECUTED;Convolution;jit_avx2_1x1_FP32;0.09;0.09
StatefulPartitionedCall/ssd_mobile_net_v2keras_feature_extractor/model/block_5_expand_relu/Relu6;NOT_RUN;Clamp;undef;0.0;0.0
StatefulPartitionedCall/ssd_mobile_net_v2keras_feature_extractor/model/block_5_depthwise_BN/FusedBatchNormV3/variance/Fused_Add_;EXECUTED;Convolution;jit_avx2_dw_FP32;0.083;0.083
StatefulPartitionedCall/ssd_mobile_net_v2keras_feature_extractor/model/block_5_depthwise_relu/Relu6;NOT_RUN;Clamp;undef;0.0;0.0
StatefulPartitionedCall/ssd_mobile_net_v2keras_feature_extractor/model/block_5_project_BN/FusedBatchNormV3/variance/Fused_Add_;EXECUTED;Convolution;jit_avx2_1x1_FP32;0.095;0.095
StatefulPartitionedCall/ssd_mobile_net_v2keras_feature_extractor/model/block_5_add/add;NOT_RUN;Eltwise;undef;0.0;0.0
StatefulPartitionedCall/ssd_mobile_net_v2keras_feature_extractor/model/block_6_expand_BN/FusedBatchNormV3/variance/Fused_Add_;EXECUTED;Convolution;jit_avx2_1x1_FP32;0.092;0.092
StatefulPartitionedCall/ssd_mobile_net_v2keras_feature_extractor/model/block_6_expand_relu/Relu6;NOT_RUN;Clamp;undef;0.0;0.0
StatefulPartitionedCall/ssd_mobile_net_v2keras_feature_extractor/model/block_6_depthwise_BN/FusedBatchNormV3/variance/Fused_Add_;EXECUTED;Convolution;jit_avx2_dw_FP32;0.035;0.035
StatefulPartitionedCall/ssd_mobile_net_v2keras_feature_extractor/model/block_6_depthwise_relu/Relu6;NOT_RUN;Clamp;undef;0.0;0.0
StatefulPartitionedCall/ssd_mobile_net_v2keras_feature_extractor/model/block_6_project_BN/FusedBatchNormV3/variance/Fused_Add_;EXECUTED;Convolution;jit_avx2_1x1_FP32;0.049;0.049
StatefulPartitionedCall/ssd_mobile_net_v2keras_feature_extractor/model/block_7_expand_BN/FusedBatchNormV3/variance/Fused_Add_;EXECUTED;Convolution;jit_avx2_1x1_FP32;0.088;0.088
StatefulPartitionedCall/ssd_mobile_net_v2keras_feature_extractor/model/block_7_expand_relu/Relu6;NOT_RUN;Clamp;undef;0.0;0.0
StatefulPartitionedCall/ssd_mobile_net_v2keras_feature_extractor/model/block_7_depthwise_BN/FusedBatchNormV3/variance/Fused_Add_;EXECUTED;Convolution;jit_avx2_dw_FP32;0.055;0.055
StatefulPartitionedCall/ssd_mobile_net_v2keras_feature_extractor/model/block_7_depthwise_relu/Relu6;NOT_RUN;Clamp;undef;0.0;0.0
StatefulPartitionedCall/ssd_mobile_net_v2keras_feature_extractor/model/block_7_project_BN/FusedBatchNormV3/variance/Fused_Add_;EXECUTED;Convolution;jit_avx2_1x1_FP32;0.098;0.098
StatefulPartitionedCall/ssd_mobile_net_v2keras_feature_extractor/model/block_7_add/add;NOT_RUN;Eltwise;undef;0.0;0.0
StatefulPartitionedCall/ssd_mobile_net_v2keras_feature_extractor/model/block_8_expand_BN/FusedBatchNormV3/variance/Fused_Add_;EXECUTED;Convolution;jit_avx2_1x1_FP32;0.088;0.088
StatefulPartitionedCall/ssd_mobile_net_v2keras_feature_extractor/model/block_8_expand_relu/Relu6;NOT_RUN;Clamp;undef;0.0;0.0
StatefulPartitionedCall/ssd_mobile_net_v2keras_feature_extractor/model/block_8_depthwise_BN/FusedBatchNormV3/variance/Fused_Add_;EXECUTED;Convolution;jit_avx2_dw_FP32;0.05;0.05
StatefulPartitionedCall/ssd_mobile_net_v2keras_feature_extractor/model/block_8_depthwise_relu/Relu6;NOT_RUN;Clamp;undef;0.0;0.0
StatefulPartitionedCall/ssd_mobile_net_v2keras_feature_extractor/model/block_8_project_BN/FusedBatchNormV3/variance/Fused_Add_;EXECUTED;Convolution;jit_avx2_1x1_FP32;0.088;0.088
StatefulPartitionedCall/ssd_mobile_net_v2keras_feature_extractor/model/block_8_add/add;NOT_RUN;Eltwise;undef;0.0;0.0
StatefulPartitionedCall/ssd_mobile_net_v2keras_feature_extractor/model/block_9_expand_BN/FusedBatchNormV3/variance/Fused_Add_;EXECUTED;Convolution;jit_avx2_1x1_FP32;0.086;0.086
StatefulPartitionedCall/ssd_mobile_net_v2keras_feature_extractor/model/block_9_expand_relu/Relu6;NOT_RUN;Clamp;undef;0.0;0.0
StatefulPartitionedCall/ssd_mobile_net_v2keras_feature_extractor/model/block_9_depthwise_BN/FusedBatchNormV3/variance/Fused_Add_;EXECUTED;Convolution;jit_avx2_dw_FP32;0.047;0.047
StatefulPartitionedCall/ssd_mobile_net_v2keras_feature_extractor/model/block_9_depthwise_relu/Relu6;NOT_RUN;Clamp;undef;0.0;0.0
StatefulPartitionedCall/ssd_mobile_net_v2keras_feature_extractor/model/block_9_project_BN/FusedBatchNormV3/variance/Fused_Add_;EXECUTED;Convolution;jit_avx2_1x1_FP32;0.084;0.084
StatefulPartitionedCall/ssd_mobile_net_v2keras_feature_extractor/model/block_9_add/add;NOT_RUN;Eltwise;undef;0.0;0.0
StatefulPartitionedCall/ssd_mobile_net_v2keras_feature_extractor/model/block_10_expand_BN/FusedBatchNormV3/variance/Fused_Add_;EXECUTED;Convolution;jit_avx2_1x1_FP32;0.083;0.083
StatefulPartitionedCall/ssd_mobile_net_v2keras_feature_extractor/model/block_10_expand_relu/Relu6;NOT_RUN;Clamp;undef;0.0;0.0
StatefulPartitionedCall/ssd_mobile_net_v2keras_feature_extractor/model/block_10_depthwise_BN/FusedBatchNormV3/variance/Fused_Add_;EXECUTED;Convolution;jit_avx2_dw_FP32;0.048;0.048
StatefulPartitionedCall/ssd_mobile_net_v2keras_feature_extractor/model/block_10_depthwise_relu/Relu6;NOT_RUN;Clamp;undef;0.0;0.0
StatefulPartitionedCall/ssd_mobile_net_v2keras_feature_extractor/model/block_10_project_BN/FusedBatchNormV3/variance/Fused_Add_;EXECUTED;Convolution;jit_avx2_1x1_FP32;0.122;0.122
StatefulPartitionedCall/ssd_mobile_net_v2keras_feature_extractor/model/block_11_expand_BN/FusedBatchNormV3/variance/Fused_Add_;EXECUTED;Convolution;jit_avx2_1x1_FP32;0.181;0.181
StatefulPartitionedCall/ssd_mobile_net_v2keras_feature_extractor/model/block_11_expand_relu/Relu6;NOT_RUN;Clamp;undef;0.0;0.0
StatefulPartitionedCall/ssd_mobile_net_v2keras_feature_extractor/model/block_11_depthwise_BN/FusedBatchNormV3/variance/Fused_Add_;EXECUTED;Convolution;jit_avx2_dw_FP32;0.07;0.07
StatefulPartitionedCall/ssd_mobile_net_v2keras_feature_extractor/model/block_11_depthwise_relu/Relu6;NOT_RUN;Clamp;undef;0.0;0.0
StatefulPartitionedCall/ssd_mobile_net_v2keras_feature_extractor/model/block_11_project_BN/FusedBatchNormV3/variance/Fused_Add_;EXECUTED;Convolution;jit_avx2_1x1_FP32;0.177;0.177
StatefulPartitionedCall/ssd_mobile_net_v2keras_feature_extractor/model/block_11_add/add;NOT_RUN;Eltwise;undef;0.0;0.0
StatefulPartitionedCall/ssd_mobile_net_v2keras_feature_extractor/model/block_12_expand_BN/FusedBatchNormV3/variance/Fused_Add_;EXECUTED;Convolution;jit_avx2_1x1_FP32;0.177;0.177
StatefulPartitionedCall/ssd_mobile_net_v2keras_feature_extractor/model/block_12_expand_relu/Relu6;NOT_RUN;Clamp;undef;0.0;0.0
StatefulPartitionedCall/ssd_mobile_net_v2keras_feature_extractor/model/block_12_depthwise_BN/FusedBatchNormV3/variance/Fused_Add_;EXECUTED;Convolution;jit_avx2_dw_FP32;0.08;0.08
StatefulPartitionedCall/ssd_mobile_net_v2keras_feature_extractor/model/block_12_depthwise_relu/Relu6;NOT_RUN;Clamp;undef;0.0;0.0
StatefulPartitionedCall/ssd_mobile_net_v2keras_feature_extractor/model/block_12_project_BN/FusedBatchNormV3/variance/Fused_Add_;EXECUTED;Convolution;jit_avx2_1x1_FP32;0.181;0.181
StatefulPartitionedCall/ssd_mobile_net_v2keras_feature_extractor/model/block_12_add/add;NOT_RUN;Eltwise;undef;0.0;0.0
StatefulPartitionedCall/ssd_mobile_net_v2keras_feature_extractor/model/block_13_expand_BN/FusedBatchNormV3/variance/Fused_Add_;EXECUTED;Convolution;jit_avx2_1x1_FP32;0.177;0.177
StatefulPartitionedCall/ssd_mobile_net_v2keras_feature_extractor/model/block_13_expand_relu/Relu6;NOT_RUN;Clamp;undef;0.0;0.0
StatefulPartitionedCall/BoxPredictor/ConvolutionalBoxHead_0/BoxEncodingPredictor/BiasAdd/Add;EXECUTED;Convolution;jit_avx2_1x1_FP32;0.04;0.04
StatefulPartitionedCall/BoxPredictor/ConvolutionalBoxHead_0/BoxEncodingPredictor/BiasAdd/Add_nChw8c_nchw_StatefulPartitionedCall/BoxPredictor/ConvolutionalBoxHead_0/BoxEncodingPredictor/BiasAdd/Add/Transpose;EXECUTED;Reorder;ref_any_FP32;0.024;0.024
StatefulPartitionedCall/BoxPredictor/ConvolutionalBoxHead_0/BoxEncodingPredictor/BiasAdd/Add/Transpose;EXECUTED;Permute;unknown_FP32;0.02;0.02
StatefulPartitionedCall/BoxPredictor/ConvolutionalBoxHead_0/Reshape;NOT_RUN;Reshape;unknown_FP32;0.0;0.0
StatefulPartitionedCall/BoxPredictor/ConvolutionalBoxHead_0/Reshape___StatefulPartitionedCall/concat;EXECUTED;Reorder;jit_uni_FP32;0.012;0.012
StatefulPartitionedCall/BoxPredictor/ConvolutionalClassHead_0/ClassPredictor/BiasAdd/Add;EXECUTED;Convolution;jit_avx2_1x1_FP32;0.031;0.031
StatefulPartitionedCall/BoxPredictor/ConvolutionalClassHead_0/ClassPredictor/BiasAdd/Add_nChw8c_nchw_StatefulPartitionedCall/BoxPredictor/ConvolutionalClassHead_0/ClassPredictor/BiasAdd/Add/Transpose;EXECUTED;Reorder;ref_any_FP32;0.015;0.015
StatefulPartitionedCall/BoxPredictor/ConvolutionalClassHead_0/ClassPredictor/BiasAdd/Add/Transpose;EXECUTED;Permute;unknown_FP32;0.011;0.011
StatefulPartitionedCall/BoxPredictor/ConvolutionalClassHead_0/Reshape;NOT_RUN;Reshape;unknown_FP32;0.0;0.0
StatefulPartitionedCall/BoxPredictor/ConvolutionalClassHead_0/Reshape___StatefulPartitionedCall/concat_1;EXECUTED;Reorder;jit_uni_FP32;0.005;0.005
StatefulPartitionedCall/ssd_mobile_net_v2keras_feature_extractor/model/block_13_depthwise_BN/FusedBatchNormV3/variance/Fused_Add_;EXECUTED;Convolution;jit_avx2_dw_FP32;0.03;0.03
StatefulPartitionedCall/ssd_mobile_net_v2keras_feature_extractor/model/block_13_depthwise_relu/Relu6;NOT_RUN;Clamp;undef;0.0;0.0
StatefulPartitionedCall/ssd_mobile_net_v2keras_feature_extractor/model/block_13_project_BN/FusedBatchNormV3/variance/Fused_Add_;EXECUTED;Convolution;jit_avx2_1x1_FP32;0.088;0.088
StatefulPartitionedCall/ssd_mobile_net_v2keras_feature_extractor/model/block_14_expand_BN/FusedBatchNormV3/variance/Fused_Add_;EXECUTED;Convolution;jit_avx2_1x1_FP32;0.143;0.143
StatefulPartitionedCall/ssd_mobile_net_v2keras_feature_extractor/model/block_14_expand_relu/Relu6;NOT_RUN;Clamp;undef;0.0;0.0
StatefulPartitionedCall/ssd_mobile_net_v2keras_feature_extractor/model/block_14_depthwise_BN/FusedBatchNormV3/variance/Fused_Add_;EXECUTED;Convolution;jit_avx2_dw_FP32;0.048;0.048
StatefulPartitionedCall/ssd_mobile_net_v2keras_feature_extractor/model/block_14_depthwise_relu/Relu6;NOT_RUN;Clamp;undef;0.0;0.0
StatefulPartitionedCall/ssd_mobile_net_v2keras_feature_extractor/model/block_14_project_BN/FusedBatchNormV3/variance/Fused_Add_;EXECUTED;Convolution;jit_avx2_1x1_FP32;0.145;0.145
StatefulPartitionedCall/ssd_mobile_net_v2keras_feature_extractor/model/block_14_add/add;NOT_RUN;Eltwise;undef;0.0;0.0
StatefulPartitionedCall/ssd_mobile_net_v2keras_feature_extractor/model/block_15_expand_BN/FusedBatchNormV3/variance/Fused_Add_;EXECUTED;Convolution;jit_avx2_1x1_FP32;0.141;0.141
StatefulPartitionedCall/ssd_mobile_net_v2keras_feature_extractor/model/block_15_expand_relu/Relu6;NOT_RUN;Clamp;undef;0.0;0.0
StatefulPartitionedCall/ssd_mobile_net_v2keras_feature_extractor/model/block_15_depthwise_BN/FusedBatchNormV3/variance/Fused_Add_;EXECUTED;Convolution;jit_avx2_dw_FP32;0.046;0.046
StatefulPartitionedCall/ssd_mobile_net_v2keras_feature_extractor/model/block_15_depthwise_relu/Relu6;NOT_RUN;Clamp;undef;0.0;0.0
StatefulPartitionedCall/ssd_mobile_net_v2keras_feature_extractor/model/block_15_project_BN/FusedBatchNormV3/variance/Fused_Add_;EXECUTED;Convolution;jit_avx2_1x1_FP32;0.142;0.142
StatefulPartitionedCall/ssd_mobile_net_v2keras_feature_extractor/model/block_15_add/add;NOT_RUN;Eltwise;undef;0.0;0.0
StatefulPartitionedCall/ssd_mobile_net_v2keras_feature_extractor/model/block_16_expand_BN/FusedBatchNormV3/variance/Fused_Add_;EXECUTED;Convolution;jit_avx2_1x1_FP32;0.146;0.146
StatefulPartitionedCall/ssd_mobile_net_v2keras_feature_extractor/model/block_16_expand_relu/Relu6;NOT_RUN;Clamp;undef;0.0;0.0
StatefulPartitionedCall/ssd_mobile_net_v2keras_feature_extractor/model/block_16_depthwise_BN/FusedBatchNormV3/variance/Fused_Add_;EXECUTED;Convolution;jit_avx2_dw_FP32;0.051;0.051
StatefulPartitionedCall/ssd_mobile_net_v2keras_feature_extractor/model/block_16_depthwise_relu/Relu6;NOT_RUN;Clamp;undef;0.0;0.0
StatefulPartitionedCall/ssd_mobile_net_v2keras_feature_extractor/model/block_16_project_BN/FusedBatchNormV3/variance/Fused_Add_;EXECUTED;Convolution;jit_avx2_1x1_FP32;0.29;0.29
StatefulPartitionedCall/ssd_mobile_net_v2keras_feature_extractor/model/Conv_1_bn/FusedBatchNormV3/variance/Fused_Add_;EXECUTED;Convolution;jit_avx2_1x1_FP32;0.386;0.386
StatefulPartitionedCall/ssd_mobile_net_v2keras_feature_extractor/model/out_relu/Relu6;NOT_RUN;Clamp;undef;0.0;0.0
StatefulPartitionedCall/BoxPredictor/ConvolutionalBoxHead_1/BoxEncodingPredictor/BiasAdd/Add;EXECUTED;Convolution;jit_avx2_1x1_FP32;0.045;0.045
StatefulPartitionedCall/BoxPredictor/ConvolutionalBoxHead_1/BoxEncodingPredictor/BiasAdd/Add/Transpose;EXECUTED;Permute;unknown_FP32;0.02;0.02
StatefulPartitionedCall/BoxPredictor/ConvolutionalBoxHead_1/Reshape;NOT_RUN;Reshape;unknown_FP32;0.0;0.0
StatefulPartitionedCall/BoxPredictor/ConvolutionalBoxHead_1/Reshape___StatefulPartitionedCall/concat;EXECUTED;Reorder;jit_uni_FP32;0.009;0.009
StatefulPartitionedCall/BoxPredictor/ConvolutionalClassHead_1/ClassPredictor/BiasAdd/Add;EXECUTED;Convolution;jit_avx2_1x1_FP32;0.033;0.033
StatefulPartitionedCall/BoxPredictor/ConvolutionalClassHead_1/ClassPredictor/BiasAdd/Add_nChw8c_nchw_StatefulPartitionedCall/BoxPredictor/ConvolutionalClassHead_1/ClassPredictor/BiasAdd/Add/Transpose;EXECUTED;Reorder;ref_any_FP32;0.014;0.014
StatefulPartitionedCall/BoxPredictor/ConvolutionalClassHead_1/ClassPredictor/BiasAdd/Add/Transpose;EXECUTED;Permute;unknown_FP32;0.01;0.01
StatefulPartitionedCall/BoxPredictor/ConvolutionalClassHead_1/Reshape;NOT_RUN;Reshape;unknown_FP32;0.0;0.0
StatefulPartitionedCall/BoxPredictor/ConvolutionalClassHead_1/Reshape___StatefulPartitionedCall/concat_1;EXECUTED;Reorder;jit_uni_FP32;0.004;0.004
StatefulPartitionedCall/ssd_mobile_net_v2keras_feature_extractor/FeatureMaps/layer_19_1_Conv2d_2_1x1_256_batchnorm/FusedBatchNormV3/variance/Fused_Add_;EXECUTED;Convolution;jit_avx2_1x1_FP32;0.313;0.313
StatefulPartitionedCall/ssd_mobile_net_v2keras_feature_extractor/FeatureMaps/layer_19_1_Conv2d_2_1x1_256/Relu6;NOT_RUN;Clamp;undef;0.0;0.0
StatefulPartitionedCall/ssd_mobile_net_v2keras_feature_extractor/FeatureMaps/layer_19_2_Conv2d_2_3x3_s2_512_batchnorm/FusedBatchNormV3/variance/Fused_Add_;EXECUTED;Convolution;jit_avx2_FP32;0.413;0.413
StatefulPartitionedCall/ssd_mobile_net_v2keras_feature_extractor/FeatureMaps/layer_19_2_Conv2d_2_3x3_s2_512/Relu6;NOT_RUN;Clamp;undef;0.0;0.0
StatefulPartitionedCall/BoxPredictor/ConvolutionalBoxHead_2/BoxEncodingPredictor/BiasAdd/Add;EXECUTED;Convolution;jit_avx2_1x1_FP32;0.016;0.016
StatefulPartitionedCall/BoxPredictor/ConvolutionalBoxHead_2/BoxEncodingPredictor/BiasAdd/Add/Transpose;EXECUTED;Permute;unknown_FP32;0.014;0.014
StatefulPartitionedCall/BoxPredictor/ConvolutionalBoxHead_2/Reshape;NOT_RUN;Reshape;unknown_FP32;0.0;0.0
StatefulPartitionedCall/BoxPredictor/ConvolutionalBoxHead_2/Reshape___StatefulPartitionedCall/concat;EXECUTED;Reorder;jit_uni_FP32;0.006;0.006
StatefulPartitionedCall/BoxPredictor/ConvolutionalClassHead_2/ClassPredictor/BiasAdd/Add;EXECUTED;Convolution;jit_avx2_1x1_FP32;0.009;0.009
StatefulPartitionedCall/BoxPredictor/ConvolutionalClassHead_2/ClassPredictor/BiasAdd/Add_nChw8c_nchw_StatefulPartitionedCall/BoxPredictor/ConvolutionalClassHead_2/ClassPredictor/BiasAdd/Add/Transpose;EXECUTED;Reorder;ref_any_FP32;0.011;0.011
StatefulPartitionedCall/BoxPredictor/ConvolutionalClassHead_2/ClassPredictor/BiasAdd/Add/Transpose;EXECUTED;Permute;unknown_FP32;0.008;0.008
StatefulPartitionedCall/BoxPredictor/ConvolutionalClassHead_2/Reshape;NOT_RUN;Reshape;unknown_FP32;0.0;0.0
StatefulPartitionedCall/BoxPredictor/ConvolutionalClassHead_2/Reshape___StatefulPartitionedCall/concat_1;EXECUTED;Reorder;jit_uni_FP32;0.004;0.004
StatefulPartitionedCall/ssd_mobile_net_v2keras_feature_extractor/FeatureMaps/layer_19_1_Conv2d_3_1x1_128_batchnorm/FusedBatchNormV3/variance/Fused_Add_;EXECUTED;Convolution;jit_avx2_1x1_FP32;0.028;0.028
StatefulPartitionedCall/ssd_mobile_net_v2keras_feature_extractor/FeatureMaps/layer_19_1_Conv2d_3_1x1_128/Relu6;NOT_RUN;Clamp;undef;0.0;0.0
StatefulPartitionedCall/ssd_mobile_net_v2keras_feature_extractor/FeatureMaps/layer_19_2_Conv2d_3_3x3_s2_256_batchnorm/FusedBatchNormV3/variance/Fused_Add_;EXECUTED;Convolution;jit_avx2_FP32;0.066;0.066
StatefulPartitionedCall/ssd_mobile_net_v2keras_feature_extractor/FeatureMaps/layer_19_2_Conv2d_3_3x3_s2_256/Relu6;NOT_RUN;Clamp;undef;0.0;0.0
StatefulPartitionedCall/BoxPredictor/ConvolutionalBoxHead_3/BoxEncodingPredictor/BiasAdd/Add;EXECUTED;Convolution;jit_avx2_1x1_FP32;0.007;0.007
StatefulPartitionedCall/BoxPredictor/ConvolutionalBoxHead_3/BoxEncodingPredictor/BiasAdd/Add/Transpose;EXECUTED;Permute;unknown_FP32;0.009;0.009
StatefulPartitionedCall/BoxPredictor/ConvolutionalBoxHead_3/Reshape;NOT_RUN;Reshape;unknown_FP32;0.0;0.0
StatefulPartitionedCall/BoxPredictor/ConvolutionalBoxHead_3/Reshape___StatefulPartitionedCall/concat;EXECUTED;Reorder;jit_uni_FP32;0.004;0.004
StatefulPartitionedCall/BoxPredictor/ConvolutionalClassHead_3/ClassPredictor/BiasAdd/Add;EXECUTED;Convolution;jit_avx2_1x1_FP32;0.006;0.006
StatefulPartitionedCall/BoxPredictor/ConvolutionalClassHead_3/ClassPredictor/BiasAdd/Add_nChw8c_nchw_StatefulPartitionedCall/BoxPredictor/ConvolutionalClassHead_3/ClassPredictor/BiasAdd/Add/Transpose;EXECUTED;Reorder;ref_any_FP32;0.008;0.008
StatefulPartitionedCall/BoxPredictor/ConvolutionalClassHead_3/ClassPredictor/BiasAdd/Add/Transpose;EXECUTED;Permute;unknown_FP32;0.008;0.008
StatefulPartitionedCall/BoxPredictor/ConvolutionalClassHead_3/Reshape;NOT_RUN;Reshape;unknown_FP32;0.0;0.0
StatefulPartitionedCall/BoxPredictor/ConvolutionalClassHead_3/Reshape___StatefulPartitionedCall/concat_1;EXECUTED;Reorder;jit_uni_FP32;0.004;0.004
StatefulPartitionedCall/ssd_mobile_net_v2keras_feature_extractor/FeatureMaps/layer_19_1_Conv2d_4_1x1_128_batchnorm/FusedBatchNormV3/variance/Fused_Add_;EXECUTED;Convolution;jit_avx2_1x1_FP32;0.015;0.015
StatefulPartitionedCall/ssd_mobile_net_v2keras_feature_extractor/FeatureMaps/layer_19_1_Conv2d_4_1x1_128/Relu6;NOT_RUN;Clamp;undef;0.0;0.0
StatefulPartitionedCall/ssd_mobile_net_v2keras_feature_extractor/FeatureMaps/layer_19_2_Conv2d_4_3x3_s2_256_batchnorm/FusedBatchNormV3/variance/Fused_Add_;EXECUTED;Convolution;jit_avx2_FP32;0.052;0.052
StatefulPartitionedCall/ssd_mobile_net_v2keras_feature_extractor/FeatureMaps/layer_19_2_Conv2d_4_3x3_s2_256/Relu6;NOT_RUN;Clamp;undef;0.0;0.0
StatefulPartitionedCall/BoxPredictor/ConvolutionalBoxHead_4/BoxEncodingPredictor/BiasAdd/Add;EXECUTED;Convolution;jit_avx2_1x1_FP32;0.005;0.005
StatefulPartitionedCall/BoxPredictor/ConvolutionalBoxHead_4/BoxEncodingPredictor/BiasAdd/Add/Transpose;EXECUTED;Permute;unknown_FP32;0.008;0.008
StatefulPartitionedCall/BoxPredictor/ConvolutionalBoxHead_4/Reshape;NOT_RUN;Reshape;unknown_FP32;0.0;0.0
StatefulPartitionedCall/BoxPredictor/ConvolutionalBoxHead_4/Reshape___StatefulPartitionedCall/concat;EXECUTED;Reorder;jit_uni_FP32;0.004;0.004
StatefulPartitionedCall/BoxPredictor/ConvolutionalClassHead_4/ClassPredictor/BiasAdd/Add;EXECUTED;Convolution;jit_avx2_1x1_FP32;0.004;0.004
StatefulPartitionedCall/BoxPredictor/ConvolutionalClassHead_4/ClassPredictor/BiasAdd/Add_nChw8c_nchw_StatefulPartitionedCall/BoxPredictor/ConvolutionalClassHead_4/ClassPredictor/BiasAdd/Add/Transpose;EXECUTED;Reorder;ref_any_FP32;0.006;0.006
StatefulPartitionedCall/BoxPredictor/ConvolutionalClassHead_4/ClassPredictor/BiasAdd/Add/Transpose;EXECUTED;Permute;unknown_FP32;0.006;0.006
StatefulPartitionedCall/BoxPredictor/ConvolutionalClassHead_4/Reshape;NOT_RUN;Reshape;unknown_FP32;0.0;0.0
StatefulPartitionedCall/BoxPredictor/ConvolutionalClassHead_4/Reshape___StatefulPartitionedCall/concat_1;EXECUTED;Reorder;jit_uni_FP32;0.004;0.004
StatefulPartitionedCall/ssd_mobile_net_v2keras_feature_extractor/FeatureMaps/layer_19_1_Conv2d_5_1x1_64_batchnorm/FusedBatchNormV3/variance/Fused_Add_;EXECUTED;Convolution;jit_avx2_1x1_FP32;0.008;0.008
StatefulPartitionedCall/ssd_mobile_net_v2keras_feature_extractor/FeatureMaps/layer_19_1_Conv2d_5_1x1_64/Relu6;NOT_RUN;Clamp;undef;0.0;0.0
StatefulPartitionedCall/ssd_mobile_net_v2keras_feature_extractor/FeatureMaps/layer_19_2_Conv2d_5_3x3_s2_128_batchnorm/FusedBatchNormV3/variance/Fused_Add_;EXECUTED;Convolution;jit_avx2_FP32;0.013;0.013
StatefulPartitionedCall/ssd_mobile_net_v2keras_feature_extractor/FeatureMaps/layer_19_2_Conv2d_5_3x3_s2_128/Relu6;NOT_RUN;Clamp;undef;0.0;0.0
StatefulPartitionedCall/BoxPredictor/ConvolutionalBoxHead_5/BoxEncodingPredictor/BiasAdd/Add;EXECUTED;Convolution;jit_avx2_1x1_FP32;0.003;0.003
StatefulPartitionedCall/BoxPredictor/ConvolutionalBoxHead_5/BoxEncodingPredictor/BiasAdd/Add_nChw8c_nchw_StatefulPartitionedCall/BoxPredictor/ConvolutionalBoxHead_5/Reshape;EXECUTED;Reorder;jit_uni_FP32;0.003;0.003
StatefulPartitionedCall/BoxPredictor/ConvolutionalBoxHead_5/Reshape;NOT_RUN;Reshape;unknown_FP32;0.0;0.0
StatefulPartitionedCall/BoxPredictor/ConvolutionalBoxHead_5/Reshape___StatefulPartitionedCall/concat;EXECUTED;Reorder;jit_uni_FP32;0.003;0.003
StatefulPartitionedCall/concat;EXECUTED;Concat;unknown_FP32;0.01;0.01
do_reshape_loc;NOT_RUN;Reshape;unknown_FP32;0.0;0.0
StatefulPartitionedCall/BoxPredictor/ConvolutionalClassHead_5/ClassPredictor/BiasAdd/Add;EXECUTED;Convolution;jit_avx2_1x1_FP32;0.003;0.003
StatefulPartitionedCall/BoxPredictor/ConvolutionalClassHead_5/ClassPredictor/BiasAdd/Add_nChw8c_nchw_StatefulPartitionedCall/BoxPredictor/ConvolutionalClassHead_5/Reshape;EXECUTED;Reorder;ref_any_FP32;0.005;0.005
StatefulPartitionedCall/BoxPredictor/ConvolutionalClassHead_5/Reshape;NOT_RUN;Reshape;unknown_FP32;0.0;0.0
StatefulPartitionedCall/BoxPredictor/ConvolutionalClassHead_5/Reshape___StatefulPartitionedCall/concat_1;EXECUTED;Reorder;jit_uni_FP32;0.003;0.003
StatefulPartitionedCall/concat_1;EXECUTED;Concat;unknown_FP32;0.005;0.005
do_ExpandDims_conf;NOT_RUN;Reshape;unknown_FP32;0.0;0.0
do_ExpandDims_conf___do_ExpandDims_conf/sigmoid;EXECUTED;Reorder;jit_uni_FP32;0.009;0.009
do_ExpandDims_conf/sigmoid;EXECUTED;Sigmoid;jit_avx2_FP32;0.039;0.039
do_reshape_conf;NOT_RUN;Reshape;unknown_FP32;0.0;0.0
DetectionOutput;EXECUTED;DetectionOutput;unknown_FP32;0.147;0.147
out_DetectionOutput;NOT_RUN;Output;unknown_FP32;0.0;0.0
Total;;;;8.892;8.892

